{
  "Tier2-DNN_clean": {
    "accuracy": 0.38333333333333336,
    "precision": 0.39720049627791565,
    "recall": 0.38333333333333336,
    "f1_score": 0.3899751248115885,
    "confusion_matrix": [
      [
        104,
        32,
        22,
        15,
        9
      ],
      [
        39,
        6,
        3,
        4,
        5
      ],
      [
        13,
        10,
        3,
        3,
        1
      ],
      [
        11,
        2,
        2,
        2,
        2
      ],
      [
        8,
        2,
        1,
        1,
        0
      ]
    ],
    "fpr": 0.2071154684132363,
    "fnr": 0.823609022556391,
    "auc_roc": 0.46818443627162004
  }
}